Workbook

Sheet README
B1: PayState Bridge — Development Tracker
B2: Razorpay AI Buildathon · Track 03 — AI Revenue Recovery · Solo build
B4: What we are building
B5: A merchant-side recovery agent that resolves an unclear first payment before asking a customer to pay again.
B6: Core promise: Resolve before retry. Pending or unknown payment = no replacement link.
B8: How to use this tracker in 30 seconds
B9: 1. Open Dashboard: see progress, lock check, deadline, and the next Ready task.
B10: 2. Open Backlog: pick only the single Ready task and set Status = In Progress.
B11: 3. Read its Task Description and Acceptance Criteria before using Antigravity/GSD.
B12: 4. Build only that task. Run the required test/command and paste evidence in the row.
B13: 5. Mark In Review, self-check acceptance criteria, then mark Done and add Change Log row.
B15: Sequential rule
... B41: Use your 8:30 pm IST reminder: update status, evidence, blocker, and next Ready task.

Sheet Lists
A1: Field | B1: Allowed values
A2: Status | B2: Not Started · Ready · In Progress · In Review · Done · Blocked
A3: Priority | B3: P0 = must ship · P1 = important if time · P2 = only after P0/P1
A4: Progress | B4: 0% · 50% · 100% — change only with evidence
A5: Test Result | B5: Not run · Pass · Fail · N/A
A6: Blocker Type | B6: None · Dependency unfinished · Gemini/API key · Razorpay Test Mode · Webhook/staging · Security/secrets · Scope decision
A7: Evidence Source | B7: Customer report · Synthetic screenshot · Merchant order · Gateway event · Policy
A8: Payment State | B8: Pending · Failed · Captured Unlinked · Duplicate Success · Outcome Unknown · Wrong Recipient · Unauthorized
A9: Recovery Action | B9: Do Not Retry · Reconcile Order · Create Recovery Link · Duplicate Review · Evidence Packet · Official Route · Security Escalation

Sheet Dashboard
B1: PayState Bridge — Dashboard
A2: Deadline | B2: 46151 | C2: Track | D2: 03 — AI Revenue Recovery | E2: Project | F2: PayState Bridge
A4: Overall progress
A5: Not Started | B5: =COUNTIF(Backlog!H2:H1000,"Not Started") -> 22
A6: Ready | B6: =COUNTIF(Backlog!H2:H1000,"Ready") -> 1
A7: In Progress | B7: =COUNTIF(Backlog!H2:H1000,"In Progress") -> 0
A8: In Review | B8: =COUNTIF(Backlog!H2:H1000,"In Review") -> 0
A9: Done | B9: =COUNTIF(Backlog!H2:H1000,"Done") -> 0
A10: Blocked | B10: =COUNTIF(Backlog!H2:H1000,"Blocked") -> 0
A11: TOTAL TASKS | B11: =COUNTA(Backlog!A2:A1000) -> 23
A13: LOCK CHECK
A14: In-Progress count (must be 0 or 1) | B14: =COUNTIF(Backlog!H2:H1000,"In Progress") -> 0
A15: Days to deadline | B15: =DATE(2026,9,5)-TODAY() -> 6
A16: Percent complete | B16: =IFERROR(COUNTIF(Backlog!H2:H1000,"Done")/COUNTA(Backlog!A2:A1000),0) -> 0
A18: Next ready task | B18: =IFERROR(__xludf.DUMMYFUNCTION("IFERROR(INDEX(FILTER(Backlog!A2:A1000&"" — ""&Backlog!D2:D1000,Backlog!H2:H1000=""Ready""),1),""No Ready task yet"")"),"B0-01 — Create the PayState Bridge GitHub repository and copy the reviewed Build Kit into docs/. Create the folders for the Next.js dashboard, FastAPI backend, synthetic incident data, tests, and docs. Add a README that explains the project in one sentenc"&"e: it resolves payment ambiguity before retrying. Add .env.example with names only, never real keys. This is the project skeleton and the shared agreement that prevents the build from becoming a generic complaint chatbot.") -> B0-01 — Create the PayState Bridge GitHub repository and copy the reviewed Build Kit into docs/. Create the folders for the Next.js dashboard, FastAPI backend, synthetic incident data, tests, and docs. Add a README that explains the project in one sentence: it resolves payment ambiguity before retrying. Add .env.example with names only, never real keys. This is the project skeleton and the shared agreement that prevents the build from becoming a generic complaint chatbot.
A19: Open blockers | B19: =COUNTIF(Backlog!H2:H1000,"Blocked") -> 0
A21: By module
A22: Module | B22: Total | C22: Done | D22: % done
A23: Bootstrap | B23: =COUNTIF(Backlog!B:B,A23) -> 3 | C23: =COUNTIFS(Backlog!B:B,A23,Backlog!H:H,"Done") -> 0 | D23: =IFERROR(C23/B23,0) -> 0
A24: Module 1 — Recovery State Engine | B24: =COUNTIF(Backlog!B:B,A24) -> 5 | C24: =COUNTIFS(Backlog!B:B,A24,Backlog!H:H,"Done") -> 0 | D24: =IFERROR(C24/B24,0) -> 0
A25: Module 2 — Recovery Workflows | B25: =COUNTIF(Backlog!B:B,A25) -> 3 | C25: =COUNTIFS(Backlog!B:B,A25,Backlog!H:H,"Done") -> 0 | D25: =IFERROR(C25/B25,0) -> 0
A26: Module 3 — AI Evidence Intake | B26: =COUNTIF(Backlog!B:B,A26) -> 3 | C26: =COUNTIFS(Backlog!B:B,A26,Backlog!H:H,"Done") -> 0 | D26: =IFERROR(C26/B26,0) -> 0
A27: Module 4 — Razorpay Test Mode | B27: =COUNTIF(Backlog!B:B,A27) -> 3 | C27: =COUNTIFS(Backlog!B:B,A27,Backlog!H:H,"Done") -> 0 | D27: =IFERROR(C27/B27,0) -> 0
A28: Module 5 — Evaluation & Quality | B28: =COUNTIF(Backlog!B:B,A28) -> 3 | C28: =COUNTIFS(Backlog!B:B,A28,Backlog!H:H,"Done") -> 0 | D28: =IFERROR(C28/B28,0) -> 0
A29: Module 6 — Release | B29: =COUNTIF(Backlog!B:B,A29) -> 3 | C29: =COUNTIFS(Backlog!B:B,A29,Backlog!H:H,"Done") -> 0 | D29: =IFERROR(C29/B29,0) -> 0
A31: Milestones
A32: Milestone | B32: Target | C32: Status
A33: M0 — Foundation + safe pending demo | B33: 31/08/2026 | C33: Ready
A34: M1 — Recovery workflows | B34: 46031 | C34: Not Started
A35: M2 — AI evidence intake | B35: 46062 | C35: Not Started
A36: M3 — Razorpay Test Mode | B36: 46090 | C36: Not Started
A37: M4 — Evaluation + CI | B37: 46121 | C37: Not Started
A38: M5 — Video + submit package | B38: 46151 | C38: Not Started
A40: Tip | B40: Resolve before retry. Core safety/evaluation beats extra features.

Sheet Backlog
A1: Task ID | B1: Module | C1: Component | D1: Task Description | E1: Acceptance Criteria | F1: Depends On | G1: Priority | H1: Status | I1: Owner | J1: Progress | K1: Started | L1: Finished | M1: Fork Branch | N1: PR URL | O1: update.md Path | P1: Test Result | Q1: Blocker Type | R1: Notes
A2: B0-01 | B2: Bootstrap | C2: Repository + project contract | D2: Create the PayState Bridge GitHub repository and copy the reviewed Build Kit into docs/. Create the folders for the Next.js dashboard, FastAPI backend, synthetic incident data, tests, and docs. Add a README that explains the project in one sentence: it resolves payment ambiguity before retrying. Add .env.example with names only, never real keys. This is the project skeleton and the shared agreement that prevents the build from becoming a generic complaint chatbot. | E2: A clean clone shows the documented folder structure. README clearly says synthetic data and Test Mode only. .env.example has no value, secret, OTP, UPI PIN, real UTR, or real customer detail. | F2: - | G2: P0 | H2: Ready | I2: Bhavesh | J2: 0 | P2: Not run | Q2: None | R2: Target: 30 Aug · Read README.md + PRD.md before starting.
A3: B0-02 | B3: Bootstrap | C3: Runnable web/API skeleton | D3: Create the smallest working web and backend applications. The web app can show one simple PayState Bridge page. The API must expose GET /health and return a simple healthy response. Add developer commands for start, lint, type check, test, evaluation, and build. This does not need real payment logic yet; it proves the workspace can run on your laptop. | E3: You can start both applications locally. Opening the web page works. GET /health responds successfully. Lint, type check, test placeholder, and build commands run without errors. | F3: B0-01 | G3: P0 | H3: Not Started | I3: Bhavesh | J3: 0 | P3: Not run | Q3: Dependency unfinished | R3: Target: 30 Aug · Read TECH_STACK.md + BUILD_PLAN Slice 0.
A4: B0-03 | B4: Bootstrap | C4: Synthetic incident simulator | D4: Create made-up payment incidents instead of using real PhonePe, Google Pay, bank, NPCI, or customer data. Make at least 20 development cases containing a merchant order, payment events, customer report, expected payment state, and expected safe action. Include pending, failed, captured-but-no-order, duplicate success, conflicting evidence, wrong recipient, and unauthorized claim. | E4: A repeatable seed command loads all incidents. Every incident is visibly synthetic. Each case states the expected payment state and next action. No real screenshot, UTR, account number, UPI ID, or personal data is used. | F4: B0-01 | G4: P0 | H4: Not Started | I4: Bhavesh | J4: 0 | P4: Not run | Q4: Dependency unfinished | R4: Target: 30 Aug · Read PAYMENT_DOMAIN_PRIMER.md + API contracts.
A5: S1-01 | B5: Module 1 — Recovery State Engine | C5: Trust-boundary schemas + database | D5: Define strict Pydantic data forms and SQLite tables for merchant orders, payment cases, evidence, gateway events, recovery actions, and audit events. Give every evidence item a source label: customer report, synthetic screenshot, merchant order, gateway event, or policy. This is important because a customer screenshot is helpful but cannot be treated as final settlement truth. | E5: The seeded incidents load into SQLite. Every evidence record has a source type. Money is stored as integer paise. The app can read an order, payment case, and its evidence through a service function. | F5: B0-02, B0-03 | G5: P0 | H5: Not Started | I5: Bhavesh | J5: 0 | P5: Not run | Q5: Dependency unfinished | R5: Target: 31 Aug · Read API_AND_DATA_CONTRACTS.md sections 1–7.
A6: S1-02 | B6: Module 1 — Recovery State Engine | C6: Deterministic payment-state classifier | D6: Write the main rule engine. It receives merchant order data, gateway events, and customer report. It returns exactly one state: Pending, Failed, Captured Unlinked, Duplicate Success, Outcome Unknown, Wrong Recipient, or Unauthorized. It also returns the allowed merchant action. The rules must be ordinary Python, not an LLM decision, because money recovery needs the same answer every time from the same evidence. | E6: The same case always produces the same state and action. Pending and Outcome Unknown return Do Not Retry. Customer-reported text cannot override a captured or failed gateway event. Missing/conflicting proof returns Outcome Unknown instead of a guess. | F6: S1-01 | G6: P0 | H6: Not Started | I6: Bhavesh | J6: 0 | P6: Not run | Q6: Dependency unfinished | R6: Target: 31 Aug · Read state/action matrix in API_AND_DATA_CONTRACTS.md.
A7: S1-03 | B7: Module 1 — Recovery State Engine | C7: Case lifecycle + audit trail | D7: Create the legal case journey: case opened → evidence collecting → classified → waiting, reconciled, recovery permit, duplicate review, or escalation. Prevent impossible moves, such as moving directly to paid recovery without verified failure. Append an audit event every time state changes, including why, which evidence was used, and who/what made the decision. | E7: An illegal transition is rejected. Every valid transition adds an audit event with previous state, new state, action, reason code, evidence IDs, and time. The UI/API can display the timeline. | F7: S1-01, S1-02 | G7: P0 | H7: Not Started | I7: Bhavesh | J7: 0 | P7: Not run | Q7: Dependency unfinished | R7: Target: 31 Aug · Read API state machine + EVALUATION golden rules.
A8: S1-04 | B8: Module 1 — Recovery State Engine | C8: Merchant case console — pending flow | D8: Build the first real screen for a support operator. Open the synthetic case where the customer says ₹999 was debited but no order exists, while merchant gateway evidence says Pending. Show the customer report separately from merchant evidence, the payment state, the reason, the prohibited action, and the safe customer message: “Please do not pay again while we verify.” | E8: A support operator can open the Pending case and understand why retry is unsafe. The recovery-link button is absent or disabled. The screen shows an evidence timeline and safe reply. It works at 360px mobile width. | F8: S1-02, S1-03 | G8: P0 | H8: Not Started | I8: Bhavesh | J8: 0 | P8: Not run | Q8: Dependency unfinished | R8: Target: 31 Aug · This is the first demoable vertical slice.
A9: S1-05 | B9: Module 1 — Recovery State Engine | C9: Core policy and API tests | D9: Write tests for the fundamental safety rules before adding AI or Razorpay. Test that Pending and Outcome Unknown never create recovery links, captured evidence beats customer allegation, wrong recipient never promises recovery, and illegal state moves fail. Add one API test for creating/opening a case. | E9: All 20 development incidents have expected state/action results. Tests prove no recovery provider is called for Pending or Outcome Unknown. Running pytest succeeds. | F9: S1-04 | G9: P0 | H9: Not Started | I9: Bhavesh | J9: 0 | P9: Not run | Q9: Dependency unfinished | R9: Target: 31 Aug · Do not continue to recovery actions until this passes.
A10: S2-01 | B10: Module 2 — Recovery Workflows | C10: Captured-but-unlinked order recovery | D10: Build the happy recovery path: the gateway says payment is captured, but the merchant order remained unpaid because an order-link/webhook flow failed. Match payment to order using exact reference, amount, and safe time window. If the match is exact, change the order to Paid Reconciled instead of asking the buyer to pay again. If there are two possible matches, require human review. | E10: A synthetic captured-but-unlinked case changes to Paid Reconciled without creating a new payment link. Wrong amount/reference or ambiguous matches do not reconcile automatically. Audit shows why the match passed. | F10: S1-05 | G10: P0 | H10: Not Started | I10: Bhavesh | J10: 0 | P10: Not run | Q10: Dependency unfinished | R10: Target: 1 Sep · Read PRD Flow B.
A11: S2-02 | B11: Module 2 — Recovery Workflows | C11: Duplicate-success review | D11: Build the duplicate protection path. When two captured payment events belong to one intended order, the system opens a Duplicate Review case containing both payment IDs, amounts, timestamps, and matching evidence. The product does not automatically refund money because refunds are a merchant-authorized action outside this prototype. | E11: A duplicate-success fixture opens a review case and shows both payment records. No automatic refund API call exists. Operator can record a simulated approve/reject review decision in the audit trail. | F11: S2-01 | G11: P0 | H11: Not Started | I11: Bhavesh | J11: 0 | P11: Not run | Q11: Dependency unfinished | R11: Target: 1 Sep · Read PRD Flow D + safety boundaries.
A12: S2-03 | B12: Module 2 — Recovery Workflows | C12: Unknown/wrong-recipient evidence packet + safe replies | D12: Build the safe failure paths. For conflicting evidence, create an Outcome Unknown packet listing the order ID, payment references, timestamps, source labels, and the official route the customer may use. For wrong-recipient transfer, clearly explain that the merchant cannot reverse it and recipient/bank/NPCI process applies. Generate customer replies that never promise reversal, exact refund time, or bank access. | E12: Outcome Unknown produces a complete evidence packet and no retry link. Wrong Recipient produces official-route guidance only. Every generated customer reply passes the “no unsupported promise” test. | F12: S1-05 | G12: P0 | H12: Not Started | I12: Bhavesh | J12: 0 | P12: Not run | Q12: Dependency unfinished | R12: Target: 1 Sep · Read PAYMENT_DOMAIN_PRIMER.md sections 2–5.
A13: S3-01 | B13: Module 3 — AI Evidence Intake | C13: Fake evidence extractor | D13: Create a fake extractor that turns a synthetic customer message into a typed Customer Report: reported amount, reported status, UTR-like reference, approximate time, and missing fields. It lets you demonstrate the AI intake flow and test the rest of the app even before a real Gemini API key exists. The extractor’s output must always be labelled untrusted customer evidence. | E13: The fake extractor parses known synthetic fixtures into the Customer Report schema. Bad amount/status/reference data is rejected. Its output cannot directly change final payment state or create an action. | F13: S2-03 | G13: P0 | H13: Not Started | I13: Bhavesh | J13: 0 | P13: Not run | Q13: Dependency unfinished | R13: Target: 2 Sep · Read TECH_STACK AI boundary.
... A24: S6-03 | B24: Module 6 — Release | C24: Five-minute video, panel rehearsal, tag, and submit | D24: Record the required video using the provided script: Pending stops retry, Captured Unlinked restores order, Failed creates one Test Mode link, Duplicate opens review, Unknown handles failure safely, metrics prove zero unsafe retry links. Rehearse answers about app/bank/NPCI boundaries. Tag the final Git commit, verify CI, and submit repository/video/form early. | E24: Video is five minutes or less and labels all data/GMV as synthetic. You can explain why this is Track 03, why it is not a complaint tracker, and why merchant evidence wins over AI. Final tag is green in CI and submission links work. | F24: S6-01, S6-02 | G24: P0 | H24: Not Started | I24: Bhavesh | J24: 0 | P24: Not run | Q24: Dependency unfinished | R24: Target: 5 Sep · Submit early; no new feature on deadline day.

Sheet Docs
A1: Document | B1: Location | C1: Why read it
A2: Build kit overview | B2: PayStateBridge/README.md | C2: Start here; scope and document map
A3: Product requirements | B3: docs/PRD.md | C3: Understand user, problem, cases, success metrics
A4: Payment domain primer | B4: docs/PAYMENT_DOMAIN_PRIMER.md | C4: Learn UPI terms, TAT, grievance limits before coding
A5: Architecture & tech stack | B5: docs/ARCHITECTURE.md + docs/TECH_STACK.md | C5: Set up only the tools we need
A6: API/data/state contracts | B6: docs/API_AND_DATA_CONTRACTS.md | C6: Build schemas, states, actions, evidence rules
A7: RAD delivery plan | B7: docs/BUILD_PLAN.md | C7: Follow slice order and cut lines
A8: Evaluation & safety | B8: docs/EVALUATION_AND_SAFETY.md | C8: Write tests and protect no-retry rule
A9: Razorpay Test Mode runbook | B9: docs/RAZORPAY_TEST_MODE_RUNBOOK.md | C9: Use only after policy engine works
A10: Competitor study | B10: docs/COMPETITOR_STUDY.md | C10: Explain why this is not a complaint tracker
A11: Demo & pitch | B11: docs/DEMO_AND_PITCH.md | C11: Record the five-minute demo
A12: Submission playbook | B12: docs/SUBMISSION_PLAYBOOK.md | C12: Final pre-submit audit
A13: Research / decisions | B13: docs/RESEARCH_AND_DECISIONS.md | C13: Check assumptions and avoid false claims

Sheet Change Log
A1: Date | B1: Task ID | C1: Developer | D1: Commit / PR URL | E1: Reviewer | F1: Result | G1: Merged into | H1: Notes / next task
